{"PistolAmmo":3,"RifleAmmo":2,"Position":[-12.3653297424316,1.30000007152557,-8.525559425354]}